{
    "spectrum_bin_110": 0.1309694271699437,
    "spectrum_bin_135": 0.6137519638530662,
    "spectrum_bin_136": 0.4230927584118941,
    "spectrum_bin_143": 1.5149449498297267,
    "spectrum_bin_152": 1.8440153699101272,
    "spectrum_bin_166": 1.0539312093455688,
    "spectrum_bin_170": 0.6788118221034082,
    "spectrum_bin_171": 0.9634096528545708,
    "spectrum_bin_172": 0.7735381818957556,
    "spectrum_bin_198": 1.6140973226413242,
    "spectrum_bin_204": 1.9404550151127773,
    "spectrum_bin_205": 2.2311242954334807,
    "spectrum_bin_209": 0.7135391842480662,
    "spectrum_bin_210": 1.0635615092714574,
    "spectrum_bin_211": 1.0918730979833278,
    "spectrum_bin_219": 0.7920864302492066,
    "spectrum_bin_263": 0.8321328906683395,
    "spectrum_bin_268": 0.5166879141046324,
    "spectrum_bin_277": 1.1179471519181754,
    "spectrum_bin_290": 0.4196437977706915,
    "spectrum_bin_361": 0.7779078747088021,
    "spectrum_bin_362": 0.8872613105367961,
    "spectrum_bin_433": 0.0537082329113342,
    "spectrum_bin_465": 0.232153566813631,
    "spectrum_bin_490": 0.113707755786067,
    "spectrum_bin_506": 0.428692508063812,
    "spectrum_bin_537": 0.0334803260660599,
    "spectrum_bin_666": 0.1353374432258693,
    "spectrum_bin_798": 0.2836147894440154,
    "spectrum_bin_813": 0.3829490209427142,
    "spectrum_bin_814": 0.4153643493404383,
    "spectrum_bin_815": 0.2918757524924988,
    "spectrum_bin_833": 0.4251172979601795,
    "spectrum_bin_840": 0.0187006254875765,
    "spectrum_bin_841": 0.1662774261284526,
    "spectrum_bin_842": 0.1548601594266189,
    "spectrum_bin_876": 0.0568271775319321,
    "spectrum_bin_877": 0.1357154954399096,
    "spectrum_bin_878": 0.1533615443173193,
    "spectrum_bin_897": 0.0783581773574038,
    "spectrum_bin_918": 0.4134559435051669,
    "spectrum_bin_923": 0.5965061566381255,
    "spectrum_bin_937": 0.2491238314949935,
    "spectrum_bin_968": 0.1233954295735769,
    "spectrum_bin_1014": 0.8211517859158104,
    "spectrum_bin_1025": 0.1490876211222445,
    "spectrum_bin_1041": 0.0375926980425613,
    "spectrum_bin_1188": 0.2300755279463359,
    "spectrum_bin_1200": 0.1166228329463184,
    "spectrum_bin_1213": 0.2989538494423895,
    "spectrum_bin_1214": 0.1755242829227528,
    "spectrum_bin_1225": 0.1760505820417381,
    "spectrum_bin_1250": 0.0421873625621803,
    "spectrum_bin_1253": 0.2241279298709418,
    "spectrum_bin_1254": 0.3540198355351811,
    "spectrum_bin_1255": 0.4004579580193644,
    "spectrum_bin_1317": 0.0597615184500558,
    "spectrum_bin_1388": 0.6512360875926897,
    "spectrum_bin_1457": 0.0397853071369683,
    "spectrum_bin_1569": 0.1278775762903592,
    "spectrum_bin_1599": 0.2189888439536705,
    "spectrum_bin_1600": 0.075776521373773,
    "spectrum_bin_1611": 0.1182782515389769,
    "spectrum_bin_1612": 0.1433991946404605,
    "spectrum_bin_1613": 0.126347638615575,
    "spectrum_bin_1614": 0.1593675423870344,
    "spectrum_bin_1673": 0.2299074924578742,
    "spectrum_bin_1674": 0.222235669911781,
    "spectrum_bin_1687": 0.1998021054419426,
    "spectrum_bin_1912": 0.2135784407076932,
    "spectrum_bin_1932": 0.0699546538865448,
    "spectrum_bin_1933": 0.0790099784779342,
    "spectrum_bin_1935": 0.1537175467883136,
    "spectrum_bin_2108": 0.2943736804033193,
    "spectrum_bin_2158": 0.0985560083770559,
    "spectrum_bin_2217": 0.1099045569877047,
    "spectrum_bin_2420": 0.1261046269034312,
    "spectrum_bin_2422": 0.225230715753071,
    "spectrum_bin_2550": 0.1358047155263012,
    "spectrum_bin_2596": 0.0112027780568523,
    "spectrum_bin_2681": 0.0532015709633526,
    "spectrum_bin_2692": 0.2192030249495127,
    "spectrum_bin_2693": 0.293316345098193,
    "spectrum_bin_2944": 0.0050920492324129,
    "spectrum_bin_3039": 0.0884875133501128,
    "spectrum_bin_3040": 0.1278606993230447,
    "spectrum_bin_3041": 0.1291662245177801,
    "spectrum_bin_3065": 0.101014478654539,
    "spectrum_bin_3067": 0.1429455610687321,
    "spectrum_bin_3299": 0.1521412784134974,
    "spectrum_bin_3300": 0.142522660369722,
    "spectrum_bin_3307": 0.1032421734120715,
    "spectrum_bin_3578": 0.0757449684539407,
    "spectrum_bin_3601": 0.0619110798914177,
    "spectrum_bin_4534": 0.083701277029617,
    "spectrum_bin_4840": 0.0166477936487298
}
