{
    "spectrum_bin_110": 0.3038929179647534,
    "spectrum_bin_135": 0.4650476723253184,
    "spectrum_bin_136": 0.1184503799465964,
    "spectrum_bin_143": 1.927751110073352,
    "spectrum_bin_152": 1.6601322749750562,
    "spectrum_bin_166": 1.2802404751361025,
    "spectrum_bin_170": 0.9931317791241938,
    "spectrum_bin_171": 1.138417762945274,
    "spectrum_bin_172": 0.9550738357194488,
    "spectrum_bin_198": 2.1273444925110137,
    "spectrum_bin_204": 1.9945340332321229,
    "spectrum_bin_205": 2.106906063113485,
    "spectrum_bin_209": 0.3858544198240818,
    "spectrum_bin_210": 0.4724352584226283,
    "spectrum_bin_211": 0.6239895547614976,
    "spectrum_bin_219": 0.6253321078134003,
    "spectrum_bin_263": 0.3105280713411964,
    "spectrum_bin_268": 0.0786414712055288,
    "spectrum_bin_277": 0.8653029810416917,
    "spectrum_bin_290": 0.3809727985951937,
    "spectrum_bin_361": 0.3240897220956654,
    "spectrum_bin_362": 0.2088870558035446,
    "spectrum_bin_433": 0.6275125836619987,
    "spectrum_bin_465": 0.0649744328254104,
    "spectrum_bin_490": 0.3438172729511961,
    "spectrum_bin_506": 0.1010304927301057,
    "spectrum_bin_537": 0.0294410357882859,
    "spectrum_bin_666": 0.2013002720960305,
    "spectrum_bin_798": 0.5607026235077344,
    "spectrum_bin_813": 0.9334238929133554,
    "spectrum_bin_814": 0.8878862428552343,
    "spectrum_bin_815": 0.8350009836663718,
    "spectrum_bin_833": 0.7815411127023438,
    "spectrum_bin_840": 0.0831395269594079,
    "spectrum_bin_841": 0.0188509998630756,
    "spectrum_bin_842": 0.1015568738661541,
    "spectrum_bin_876": 0.1307835095954748,
    "spectrum_bin_877": 0.0383086933328219,
    "spectrum_bin_878": 0.0105087383573675,
    "spectrum_bin_897": 0.0717730007427072,
    "spectrum_bin_918": 0.3393596128164022,
    "spectrum_bin_923": 1.2148729002864405,
    "spectrum_bin_937": 0.0474271808913535,
    "spectrum_bin_968": 0.2622062931801457,
    "spectrum_bin_1014": 0.6881587842514787,
    "spectrum_bin_1025": 0.0422223076538285,
    "spectrum_bin_1041": 0.2751680597863414,
    "spectrum_bin_1188": 0.0148107877952876,
    "spectrum_bin_1200": 0.1729431261693145,
    "spectrum_bin_1213": 0.258020275957054,
    "spectrum_bin_1214": 0.2638806773825772,
    "spectrum_bin_1225": 0.0094882763478517,
    "spectrum_bin_1250": 0.126509354738165,
    "spectrum_bin_1253": 0.2148712280753722,
    "spectrum_bin_1254": 0.2650817433625135,
    "spectrum_bin_1255": 0.2926828313367388,
    "spectrum_bin_1317": 0.0835263689580549,
    "spectrum_bin_1388": 0.2749549798755829,
    "spectrum_bin_1457": 0.7123515296110775,
    "spectrum_bin_1569": 0.0961324373766197,
    "spectrum_bin_1599": 0.1019419241143331,
    "spectrum_bin_1600": 0.1520053381824993,
    "spectrum_bin_1611": 0.3809181852196612,
    "spectrum_bin_1612": 0.4128113031058597,
    "spectrum_bin_1613": 0.4065425225356695,
    "spectrum_bin_1614": 0.3681565213394651,
    "spectrum_bin_1673": 0.0632397959415095,
    "spectrum_bin_1674": 0.0368343540885112,
    "spectrum_bin_1687": 0.0159099888057368,
    "spectrum_bin_1912": 0.8117612608847636,
    "spectrum_bin_1932": 0.0500325706147841,
    "spectrum_bin_1933": 0.0147078400819637,
    "spectrum_bin_1935": 0.0482729353630215,
    "spectrum_bin_2108": 0.0931522709894084,
    "spectrum_bin_2158": 0.0599671986362299,
    "spectrum_bin_2217": 0.0050476608720009,
    "spectrum_bin_2420": 0.0898974781638404,
    "spectrum_bin_2422": 0.0624661294324357,
    "spectrum_bin_2550": 0.0107120412140248,
    "spectrum_bin_2596": 0.0789827498305603,
    "spectrum_bin_2681": 0.1929291534298453,
    "spectrum_bin_2692": 0.2211396861954696,
    "spectrum_bin_2693": 0.2829982641531938,
    "spectrum_bin_2944": 0.0594803405904703,
    "spectrum_bin_3039": 0.0543851110635442,
    "spectrum_bin_3040": 0.0557032592680634,
    "spectrum_bin_3041": 0.0528875860167932,
    "spectrum_bin_3065": 0.1180641334418544,
    "spectrum_bin_3067": 0.0799940684977416,
    "spectrum_bin_3299": 0.0170987693277444,
    "spectrum_bin_3300": 0.0265170516023903,
    "spectrum_bin_3307": 0.0585764449843045,
    "spectrum_bin_3578": 0.0497026518946045,
    "spectrum_bin_3601": 0.0167301134983776,
    "spectrum_bin_4534": 0.0409876225976111,
    "spectrum_bin_4840": 0.0802226417339037
}
