{
    "spectrum_bin_110": 0.1704923688049768,
    "spectrum_bin_135": 0.63601455012909,
    "spectrum_bin_136": 0.8225604616779572,
    "spectrum_bin_143": 0.2782984778121004,
    "spectrum_bin_152": 0.1918582290484876,
    "spectrum_bin_166": 0.2884894386824357,
    "spectrum_bin_170": 0.685457258878432,
    "spectrum_bin_171": 0.154243133177687,
    "spectrum_bin_172": 0.0195210256045456,
    "spectrum_bin_198": 0.0449071625652526,
    "spectrum_bin_204": 0.455506710139884,
    "spectrum_bin_205": 0.2278635634661026,
    "spectrum_bin_209": 0.4447194428112991,
    "spectrum_bin_210": 0.7601589150599833,
    "spectrum_bin_211": 0.695594417904102,
    "spectrum_bin_219": 0.1446809776746781,
    "spectrum_bin_263": 0.4605034628432959,
    "spectrum_bin_268": 0.0410327429946966,
    "spectrum_bin_277": 0.2257683797290299,
    "spectrum_bin_290": 0.358707772809467,
    "spectrum_bin_361": 0.1392564861966611,
    "spectrum_bin_362": 0.0246491337877933,
    "spectrum_bin_433": 0.4049950423933853,
    "spectrum_bin_465": 0.2562745330665842,
    "spectrum_bin_490": 0.1803821881810166,
    "spectrum_bin_506": 0.3065905215243024,
    "spectrum_bin_537": 0.4094496705654892,
    "spectrum_bin_666": 0.0217133307584323,
    "spectrum_bin_798": 0.1847758658292955,
    "spectrum_bin_813": 0.8975249423533606,
    "spectrum_bin_814": 0.4596505870968994,
    "spectrum_bin_815": 0.8683062657898536,
    "spectrum_bin_833": 0.5052142309665064,
    "spectrum_bin_840": 0.2420953012759787,
    "spectrum_bin_841": 0.1757309619154685,
    "spectrum_bin_842": 0.0059606939891339,
    "spectrum_bin_876": 0.0830517222616888,
    "spectrum_bin_877": 0.1810127544197435,
    "spectrum_bin_878": 0.0559295220707916,
    "spectrum_bin_897": 0.1067609658440592,
    "spectrum_bin_918": 0.3172998658462985,
    "spectrum_bin_923": 1.409104591944428,
    "spectrum_bin_937": 0.2047002641732885,
    "spectrum_bin_968": 0.3840206551399926,
    "spectrum_bin_1014": 0.6699173765611367,
    "spectrum_bin_1025": 0.0873686287218448,
    "spectrum_bin_1041": 0.1826972520258288,
    "spectrum_bin_1188": 0.0822564033138356,
    "spectrum_bin_1200": 0.3070904704928331,
    "spectrum_bin_1213": 0.2377523100216851,
    "spectrum_bin_1214": 0.1408246381210039,
    "spectrum_bin_1225": 0.0510182701081758,
    "spectrum_bin_1250": 0.0282094057446388,
    "spectrum_bin_1253": 0.211530638561053,
    "spectrum_bin_1254": 0.1825189896044812,
    "spectrum_bin_1255": 0.1917301763019005,
    "spectrum_bin_1317": 0.3626308338133108,
    "spectrum_bin_1388": 0.1994113092204206,
    "spectrum_bin_1457": 0.2128450840580518,
    "spectrum_bin_1569": 0.2657913743879979,
    "spectrum_bin_1599": 0.173017484937577,
    "spectrum_bin_1600": 0.2507913526006722,
    "spectrum_bin_1611": 0.3152121740114879,
    "spectrum_bin_1612": 0.3567446592688222,
    "spectrum_bin_1613": 0.2374507028615854,
    "spectrum_bin_1614": 0.1066371039172556,
    "spectrum_bin_1673": 0.1603768999580158,
    "spectrum_bin_1674": 0.1440510799688771,
    "spectrum_bin_1687": 0.2677513840929333,
    "spectrum_bin_1912": 1.253338924273848,
    "spectrum_bin_1932": 0.1748169786767239,
    "spectrum_bin_1933": 0.1703414427558693,
    "spectrum_bin_1935": 0.0498829183142354,
    "spectrum_bin_2108": 0.1671895030762636,
    "spectrum_bin_2158": 0.1344408207830478,
    "spectrum_bin_2217": 0.2288696219971933,
    "spectrum_bin_2420": 0.0694439514737898,
    "spectrum_bin_2422": 0.0128208008585326,
    "spectrum_bin_2550": 0.157047681318635,
    "spectrum_bin_2596": 0.0467039894352241,
    "spectrum_bin_2681": 0.0633495475311139,
    "spectrum_bin_2692": 0.6576727366760267,
    "spectrum_bin_2693": 0.5945941748243553,
    "spectrum_bin_2944": 0.0351356945072968,
    "spectrum_bin_3039": 0.1201724279488319,
    "spectrum_bin_3040": 0.1278040939220605,
    "spectrum_bin_3041": 0.2002077761476823,
    "spectrum_bin_3065": 0.1078425875016631,
    "spectrum_bin_3067": 0.1923854235448306,
    "spectrum_bin_3299": 0.089606781327216,
    "spectrum_bin_3300": 0.0902999632249023,
    "spectrum_bin_3307": 0.0071551158370345,
    "spectrum_bin_3578": 0.1177116566916324,
    "spectrum_bin_3601": 0.157909822986009,
    "spectrum_bin_4534": 0.099971690133625,
    "spectrum_bin_4840": 0.0858934885618346
}
