{
    "spectrum_bin_110": 0.225639237754239,
    "spectrum_bin_135": 0.3476327068826543,
    "spectrum_bin_136": 0.0987725559866085,
    "spectrum_bin_143": 1.6438730030710769,
    "spectrum_bin_152": 1.3712663320307177,
    "spectrum_bin_166": 0.6668899368570955,
    "spectrum_bin_170": 0.692914748122069,
    "spectrum_bin_171": 0.7145791268370286,
    "spectrum_bin_172": 0.7147330607552781,
    "spectrum_bin_198": 1.890938979082853,
    "spectrum_bin_204": 1.9655598334885005,
    "spectrum_bin_205": 1.6648436835762626,
    "spectrum_bin_209": 0.746077678686157,
    "spectrum_bin_210": 0.704548889593716,
    "spectrum_bin_211": 0.8504860196115436,
    "spectrum_bin_219": 0.8141666592168078,
    "spectrum_bin_263": 0.5657633378625241,
    "spectrum_bin_268": 0.5936851603763164,
    "spectrum_bin_277": 0.4640604792477306,
    "spectrum_bin_290": 0.0547062992130006,
    "spectrum_bin_361": 0.4758954112903261,
    "spectrum_bin_362": 0.55680070559703,
    "spectrum_bin_433": 0.2639876527297409,
    "spectrum_bin_465": 0.5074784924175053,
    "spectrum_bin_490": 0.3974360772286155,
    "spectrum_bin_506": 0.0690314418312511,
    "spectrum_bin_537": 0.1784357270433295,
    "spectrum_bin_666": 0.4053120624400069,
    "spectrum_bin_798": 0.4151276930570113,
    "spectrum_bin_813": 0.8080971456461699,
    "spectrum_bin_814": 0.5351104607557966,
    "spectrum_bin_815": 0.3145209119648682,
    "spectrum_bin_833": 0.3715926799170799,
    "spectrum_bin_840": 0.1554089127542806,
    "spectrum_bin_841": 0.2750168987988062,
    "spectrum_bin_842": 0.1452474491634503,
    "spectrum_bin_876": 0.2045046183109871,
    "spectrum_bin_877": 0.3366054982230626,
    "spectrum_bin_878": 0.454229277641453,
    "spectrum_bin_897": 0.2521429203236746,
    "spectrum_bin_918": 0.2783649473335051,
    "spectrum_bin_923": 0.9957515627105769,
    "spectrum_bin_937": 0.3923575235530897,
    "spectrum_bin_968": 0.162534901358044,
    "spectrum_bin_1014": 0.5117034083953751,
    "spectrum_bin_1025": 0.3030403966012008,
    "spectrum_bin_1041": 0.2092824172574273,
    "spectrum_bin_1188": 0.2072765285193858,
    "spectrum_bin_1200": 0.0243726691588025,
    "spectrum_bin_1213": 0.0438187930284383,
    "spectrum_bin_1214": 0.0579586543816644,
    "spectrum_bin_1225": 0.257914885624374,
    "spectrum_bin_1250": 0.1149047137945337,
    "spectrum_bin_1253": 0.232771589124158,
    "spectrum_bin_1254": 0.4316799033971659,
    "spectrum_bin_1255": 0.3519872911300512,
    "spectrum_bin_1317": 0.1506647898518358,
    "spectrum_bin_1388": 0.3579105093162706,
    "spectrum_bin_1457": 0.1804181314134289,
    "spectrum_bin_1569": 0.0992460743887749,
    "spectrum_bin_1599": 0.0152323765699763,
    "spectrum_bin_1600": 0.010103143991084,
    "spectrum_bin_1611": 0.2782957948793566,
    "spectrum_bin_1612": 0.3410877580789701,
    "spectrum_bin_1613": 0.2083057080361754,
    "spectrum_bin_1614": 0.1279697275337317,
    "spectrum_bin_1673": 0.1723911675894114,
    "spectrum_bin_1674": 0.1246358581438889,
    "spectrum_bin_1687": 0.1899643055700214,
    "spectrum_bin_1912": 0.7938258913380004,
    "spectrum_bin_1932": 0.1678696769151047,
    "spectrum_bin_1933": 0.2954989525429096,
    "spectrum_bin_1935": 0.1528984321799221,
    "spectrum_bin_2108": 0.252822922749754,
    "spectrum_bin_2158": 0.0344587012770574,
    "spectrum_bin_2217": 0.1915856441121185,
    "spectrum_bin_2420": 0.0054028947617519,
    "spectrum_bin_2422": 0.0673416123164268,
    "spectrum_bin_2550": 0.044377406089411,
    "spectrum_bin_2596": 0.2126348769078415,
    "spectrum_bin_2681": 0.1197039726403252,
    "spectrum_bin_2692": 0.4674933139274934,
    "spectrum_bin_2693": 0.374286163718621,
    "spectrum_bin_2944": 0.0295281849845987,
    "spectrum_bin_3039": 0.0373498296115329,
    "spectrum_bin_3040": 0.0078680751531057,
    "spectrum_bin_3041": 0.0305647398987495,
    "spectrum_bin_3065": 0.1003477430609991,
    "spectrum_bin_3067": 0.0246428191864042,
    "spectrum_bin_3299": 0.1203135530755671,
    "spectrum_bin_3300": 0.1049525928224484,
    "spectrum_bin_3307": 0.006268923258314,
    "spectrum_bin_3578": 0.1170356300057302,
    "spectrum_bin_3601": 0.0324961398432613,
    "spectrum_bin_4534": 0.0236636291474704,
    "spectrum_bin_4840": 0.0908467051745798
}