{
    "spectrum_bin_110": 0.668398649489006,
    "spectrum_bin_135": 0.1956516333210225,
    "spectrum_bin_136": 0.7657229458636632,
    "spectrum_bin_143": 0.2621431670937295,
    "spectrum_bin_152": 0.1772689825622564,
    "spectrum_bin_166": 0.1375913067964188,
    "spectrum_bin_170": 0.4888066390019493,
    "spectrum_bin_171": 0.4901838558994118,
    "spectrum_bin_172": 0.3479680509335749,
    "spectrum_bin_198": 0.1057834087109528,
    "spectrum_bin_204": 0.5690272110326854,
    "spectrum_bin_205": 0.3700286930600368,
    "spectrum_bin_209": 0.3833950582998802,
    "spectrum_bin_210": 0.4285515546991663,
    "spectrum_bin_211": 0.4004524427886661,
    "spectrum_bin_219": 0.1275660238118656,
    "spectrum_bin_263": 0.4582456115848643,
    "spectrum_bin_268": 0.1839388145451069,
    "spectrum_bin_277": 0.0914327315703411,
    "spectrum_bin_290": 0.1674938624611176,
    "spectrum_bin_361": 0.0887383670612243,
    "spectrum_bin_362": 0.1663333440259297,
    "spectrum_bin_433": 0.5208501124423499,
    "spectrum_bin_465": 0.0665584844733629,
    "spectrum_bin_490": 0.1345319434396593,
    "spectrum_bin_506": 0.0422880550279956,
    "spectrum_bin_537": 0.0954786037811196,
    "spectrum_bin_666": 0.1242167478757493,
    "spectrum_bin_798": 0.0167456197782819,
    "spectrum_bin_813": 0.9273097369794848,
    "spectrum_bin_814": 1.3304721913757038,
    "spectrum_bin_815": 1.2213613115767803,
    "spectrum_bin_833": 1.0404940082603944,
    "spectrum_bin_840": 0.0580366512550097,
    "spectrum_bin_841": 0.0866286260095675,
    "spectrum_bin_842": 0.2078699851419677,
    "spectrum_bin_876": 0.1375643596086986,
    "spectrum_bin_877": 0.1521811610143211,
    "spectrum_bin_878": 0.1370656185719196,
    "spectrum_bin_897": 0.0493843815380691,
    "spectrum_bin_918": 0.5563134264481703,
    "spectrum_bin_923": 0.4982081296077668,
    "spectrum_bin_937": 0.0403492266463237,
    "spectrum_bin_968": 0.1311351406756833,
    "spectrum_bin_1014": 1.1115402980673288,
    "spectrum_bin_1025": 0.4617797326581432,
    "spectrum_bin_1041": 0.1481500392977629,
    "spectrum_bin_1188": 0.031786917756851,
    "spectrum_bin_1200": 0.4826975448677365,
    "spectrum_bin_1213": 0.0689001219878725,
    "spectrum_bin_1214": 0.0786947532463922,
    "spectrum_bin_1225": 0.0264111047388698,
    "spectrum_bin_1250": 0.1987156146679661,
    "spectrum_bin_1253": 0.1039993543636264,
    "spectrum_bin_1254": 0.2494279510531667,
    "spectrum_bin_1255": 0.475173275168292,
    "spectrum_bin_1317": 0.1876351208010644,
    "spectrum_bin_1388": 0.0461902311463021,
    "spectrum_bin_1457": 0.248929582863044,
    "spectrum_bin_1569": 0.1621098207383123,
    "spectrum_bin_1599": 0.0921152893863499,
    "spectrum_bin_1600": 0.1713745327993308,
    "spectrum_bin_1611": 0.2413143534986168,
    "spectrum_bin_1612": 0.4499976391665042,
    "spectrum_bin_1613": 0.6175071884929219,
    "spectrum_bin_1614": 0.6492778275730215,
    "spectrum_bin_1673": 0.1300544054662797,
    "spectrum_bin_1674": 0.253493416357113,
    "spectrum_bin_1687": 0.2403750088520208,
    "spectrum_bin_1912": 0.4957280207158724,
    "spectrum_bin_1932": 0.1125720609487933,
    "spectrum_bin_1933": 0.0355592907470955,
    "spectrum_bin_1935": 0.0613855846054495,
    "spectrum_bin_2108": 0.1164525552426518,
    "spectrum_bin_2158": 0.0630209917414114,
    "spectrum_bin_2217": 0.0990622568010369,
    "spectrum_bin_2420": 0.0709404615087461,
    "spectrum_bin_2422": 0.1387323875142608,
    "spectrum_bin_2550": 0.1412148214995697,
    "spectrum_bin_2596": 0.0597697487719331,
    "spectrum_bin_2681": 0.1328292891701782,
    "spectrum_bin_2692": 0.4816862714743256,
    "spectrum_bin_2693": 0.6288072193596184,
    "spectrum_bin_2944": 0.1544208459901794,
    "spectrum_bin_3039": 0.0970075173047825,
    "spectrum_bin_3040": 0.098742601990011,
    "spectrum_bin_3041": 0.0712792479584337,
    "spectrum_bin_3065": 0.2717009869703287,
    "spectrum_bin_3067": 0.1866789233232584,
    "spectrum_bin_3299": 0.0569809054865532,
    "spectrum_bin_3300": 0.0260678245311229,
    "spectrum_bin_3307": 0.0718517524813287,
    "spectrum_bin_3578": 0.1725267580392459,
    "spectrum_bin_3601": 0.1180195911353742,
    "spectrum_bin_4534": 0.0027046968476081,
    "spectrum_bin_4840": 0.0928247601890223
}